{
  "f1": 0.8596387121076272,
  "accuracy": 0.8942953020134228,
  "loss": 0.44793301820755005
}